{
  "GET /detect (10 users)" : {
    "transaction" : "GET /detect (10 users)",
    "sampleCount" : 293537,
    "errorCount" : 0,
    "errorPct" : 0.0,
    "meanResTime" : 1.8783730841427326,
    "medianResTime" : 2.0,
    "minResTime" : 0.0,
    "maxResTime" : 81.0,
    "pct1ResTime" : 2.0,
    "pct2ResTime" : 2.0,
    "pct3ResTime" : 3.0,
    "throughput" : 4894.9755698967765,
    "receivedKBytesPerSec" : 16205.046076123119,
    "sentKBytesPerSec" : 587.9706983372105
  },
  "GET /detect (50 users)" : {
    "transaction" : "GET /detect (50 users)",
    "sampleCount" : 293612,
    "errorCount" : 0,
    "errorPct" : 0.0,
    "meanResTime" : 7.696643870141528,
    "medianResTime" : 9.0,
    "minResTime" : 0.0,
    "maxResTime" : 86.0,
    "pct1ResTime" : 10.0,
    "pct2ResTime" : 10.0,
    "pct3ResTime" : 76.35000000010405,
    "throughput" : 4893.04402893044,
    "receivedKBytesPerSec" : 16198.651619213078,
    "sentKBytesPerSec" : 587.7386870687931
  },
  "GET /detect (20 users)" : {
    "transaction" : "GET /detect (20 users)",
    "sampleCount" : 288366,
    "errorCount" : 0,
    "errorPct" : 0.0,
    "meanResTime" : 3.4777123516641693,
    "medianResTime" : 4.0,
    "minResTime" : 0.0,
    "maxResTime" : 73.0,
    "pct1ResTime" : 5.0,
    "pct2ResTime" : 5.0,
    "pct3ResTime" : 5.0,
    "throughput" : 4805.779614692354,
    "receivedKBytesPerSec" : 15909.758685358476,
    "sentKBytesPerSec" : 577.2567310616793
  },
  "Total" : {
    "transaction" : "Total",
    "sampleCount" : 1153222,
    "errorCount" : 0,
    "errorPct" : 0.0,
    "meanResTime" : 6.791411367455462,
    "medianResTime" : 19.0,
    "minResTime" : 0.0,
    "maxResTime" : 95.0,
    "pct1ResTime" : 21.0,
    "pct2ResTime" : 88.0,
    "pct3ResTime" : 91.0,
    "throughput" : 4805.091666666667,
    "receivedKBytesPerSec" : 15907.481201171875,
    "sentKBytesPerSec" : 577.1740966796875
  },
  "GET /detect (100 users)" : {
    "transaction" : "GET /detect (100 users)",
    "sampleCount" : 277707,
    "errorCount" : 0,
    "errorPct" : 0.0,
    "meanResTime" : 14.468313726337472,
    "medianResTime" : 19.0,
    "minResTime" : 0.0,
    "maxResTime" : 95.0,
    "pct1ResTime" : 21.0,
    "pct2ResTime" : 88.0,
    "pct3ResTime" : 91.0,
    "throughput" : 4626.984788150419,
    "receivedKBytesPerSec" : 15317.850031083906,
    "sentKBytesPerSec" : 555.7803993579117
  }
}